customer_id,first_name,last_name,email,country,signup_date
CUST00001,Danielle,Garcia,valerieboyd@example.com,Swaziland,2023-05-14
CUST00002,Angel,Jennings,joshua89@example.net,Bolivia,2024-04-25
CUST00003,Joshua,Stephens,conniesimmons@example.com,Korea,2023-08-08
CUST00004,Jeffrey,Levine,comptonshelly@example.net,Lithuania,2022-12-18
CUST00005,Jill,Howard,ufloyd@example.net,Dominican Republic,2025-03-03
CUST00006,Erica,Sanders,trussell@example.com,Belize,2024-04-07
CUST00007,Patricia,Lopez,karenwells@example.org,Moldova,2023-01-15
CUST00008,Christopher,Martinez,meredith27@example.org,Sao Tome and Principe,2024-11-02
CUST00009,Robert,Charles,jfaulkner@example.net,American Samoa,2025-09-04
CUST00010,Anthony,Gibson,paulscott@example.com,Puerto Rico,2024-09-04
CUST00011,Jeffery,Bates,nielsenmelanie@example.org,Saint Martin,2025-04-18
CUST00012,William,May,brettbennett@example.net,Ireland,2025-01-25
CUST00013,Anthony,Harper,russojacob@example.net,Zambia,2024-09-02
CUST00014,James,Smith,timothybooth@example.com,Cuba,2024-01-06
CUST00015,Debra,Buchanan,susan03@example.org,Bulgaria,2022-12-19
CUST00016,Amy,Sanchez,burgesskaren@example.org,Guinea-Bissau,2025-11-03
CUST00017,Jeffrey,Martinez,randyallen@example.com,French Polynesia,2024-11-16
CUST00018,Bridget,Cunningham,oscar85@example.com,Dominican Republic,2025-05-19
CUST00019,Lisa,Jones,michael77@example.org,Oman,2022-12-22
CUST00020,Adam,Hubbard,ugill@example.org,Bermuda,2024-03-23
CUST00021,Linda,Clark,lawrence09@example.org,Andorra,2024-06-26
CUST00022,Helen,Robinson,allentran@example.net,Lesotho,2025-04-22
CUST00023,Matthew,Kane,mphillips@example.com,Paraguay,2024-07-16
CUST00024,Eric,Murphy,noahwhitaker@example.com,Gambia,2024-04-01
CUST00025,Susan,Hernandez,jonathan77@example.com,Central African Republic,2025-04-25
CUST00026,Matthew,Lester,jessicabell@example.org,Romania,2023-04-18
CUST00027,Christopher,Smith,iwhite@example.net,Kuwait,2024-12-15
CUST00028,Colin,Garrison,warrenmary@example.org,Togo,2023-04-22
CUST00029,Melanie,Thomas,duranrobert@example.net,Montserrat,2025-10-26
CUST00030,Cassandra,Anderson,carloshernandez@example.org,San Marino,2025-10-01
CUST00031,Lindsay,King,nbrooks@example.net,Myanmar,2023-10-03
CUST00032,Jessica,Thompson,bhopkins@example.org,Anguilla,2024-04-22
CUST00033,Amanda,Guerrero,hsmith@example.net,Korea,2024-12-28
CUST00034,Teresa,Johnson,amanda40@example.net,Kyrgyz Republic,2025-01-07
CUST00035,Nicholas,Smith,ldrake@example.org,Sierra Leone,2025-09-19
CUST00036,Andrea,Tyler,warrenjohn@example.net,Burundi,2024-04-28
CUST00037,Maria,Young,lisa46@example.org,Tunisia,2023-08-03
CUST00038,Christine,Morris,susan79@example.org,Romania,2025-06-30
CUST00039,Michelle,Thompson,kevinclayton@example.org,Iraq,2024-02-26
CUST00040,Barbara,Williams,davisnicholas@example.net,Colombia,2024-06-04
CUST00041,Janet,Harmon,abrown@example.net,Somalia,2024-09-25
CUST00042,Brandon,Fox,christopherbruce@example.net,Tunisia,2023-09-27
CUST00043,Jeremy,Reese,ariel18@example.org,Heard Island and McDonald Islands,2024-12-28
CUST00044,Keith,Alvarez,jasonparrish@example.net,Niue,2025-08-01
CUST00045,Christopher,Strickland,enelson@example.net,Kyrgyz Republic,2023-03-15
CUST00046,Jesse,Palmer,rachel90@example.org,Romania,2025-02-27
CUST00047,Craig,Rodriguez,alexis39@example.org,North Macedonia,2023-10-16
CUST00048,Joshua,Gordon,thickman@example.org,Afghanistan,2024-02-07
CUST00049,Cynthia,Dougherty,ashleyatkinson@example.net,Tokelau,2024-01-03
CUST00050,Michael,Williams,patrick21@example.net,Niue,2023-01-30
CUST00051,Mitchell,Logan,brian63@example.org,Barbados,2024-02-22
CUST00052,Jason,Camacho,cassie99@example.com,Hungary,2025-04-26
CUST00053,Joseph,Boyd,anthony47@example.com,Uganda,2024-08-03
CUST00054,Sharon,Ellis,michaelpugh@example.com,Portugal,2023-11-03
CUST00055,Deborah,Maynard,eringuerrero@example.org,Grenada,2025-07-15
CUST00056,Chelsea,Brown,lauren11@example.com,Marshall Islands,2023-04-09
CUST00057,George,Mendoza,normanbowers@example.org,Antigua and Barbuda,2025-05-04
CUST00058,Jessica,Morales,gstewart@example.org,French Polynesia,2023-04-14
CUST00059,Frank,Parks,hahnsean@example.com,Japan,2025-05-25
CUST00060,Noah,Henry,andersonjacob@example.com,Sao Tome and Principe,2024-04-24
CUST00061,Veronica,Browning,fgarcia@example.com,Faroe Islands,2024-01-16
CUST00062,Danielle,Jones,carlsonkristen@example.com,Qatar,2023-03-02
CUST00063,Angela,Miller,carterpaul@example.org,Yemen,2025-04-15
CUST00064,Gabrielle,Franklin,ashleyjackson@example.com,New Zealand,2025-02-19
CUST00065,Megan,Jones,dominicturner@example.com,Mauritius,2024-11-25
CUST00066,Kimberly,Hill,bryanhamilton@example.com,Morocco,2024-09-11
CUST00067,Jeremy,Schultz,todd15@example.com,South Africa,2023-10-09
CUST00068,Antonio,Kelley,jennifersimpson@example.net,Cote d'Ivoire,2024-05-10
CUST00069,Leslie,Nguyen,stephentaylor@example.org,Solomon Islands,2023-03-17
CUST00070,Joseph,Vang,ncook@example.com,Poland,2025-08-26
CUST00071,Jason,Schmidt,scott69@example.org,Belgium,2024-02-29
CUST00072,Sherri,Chavez,malik37@example.com,Niger,2025-01-09
CUST00073,Nancy,Jacobs,tamaranovak@example.com,Turkmenistan,2024-02-26
CUST00074,Leonard,Garcia,yfaulkner@example.org,Grenada,2024-09-20
CUST00075,Diana,Miles,nicholas65@example.org,Saint Pierre and Miquelon,2025-09-13
CUST00076,Randall,Farrell,brittanygardner@example.net,Venezuela,2025-03-05
CUST00077,Robin,Curtis,bentonsteven@example.net,Azerbaijan,2024-03-18
CUST00078,Stephen,Mack,samuelcarter@example.net,Malaysia,2023-09-24
CUST00079,Joseph,Le,fuenteslaura@example.com,Yemen,2024-08-22
CUST00080,John,Lewis,ttaylor@example.org,United States of America,2024-08-03
CUST00081,Anna,Hayes,donna66@example.org,Peru,2023-12-13
CUST00082,Jose,Perez,eewing@example.net,Haiti,2025-07-15
CUST00083,Brenda,Morgan,sferguson@example.com,Tuvalu,2025-01-26
CUST00084,Rachael,Chavez,gibbsmichael@example.net,Austria,2024-10-22
CUST00085,Reginald,Perry,rodriguezjohn@example.net,Bouvet Island (Bouvetoya),2025-09-26
CUST00086,Jeffrey,Davis,gabriel90@example.net,Hungary,2025-03-17
CUST00087,Whitney,Simmons,vrasmussen@example.com,Haiti,2023-08-25
CUST00088,William,Ortega,smithjonathan@example.net,Lao People's Democratic Republic,2022-12-16
CUST00089,Christopher,Brooks,seanmyers@example.net,Niger,2025-07-20
CUST00090,Brandon,Hernandez,michaeljohnson@example.org,Armenia,2025-11-14
CUST00091,Daniel,Leblanc,robert11@example.net,Haiti,2025-01-27
CUST00092,Courtney,Jones,michaelcooper@example.org,Haiti,2023-09-03
CUST00093,Laura,Decker,gbailey@example.com,China,2025-05-02
CUST00094,Robert,Davis,tflores@example.org,Oman,2025-01-01
CUST00095,Bryan,Davis,johnsonmatthew@example.org,Monaco,2023-10-14
CUST00096,Patrick,Rodgers,sarahyang@example.net,Romania,2025-09-09
CUST00097,Wendy,Cain,andrearivera@example.com,Bangladesh,2024-11-12
CUST00098,Allison,Hawkins,zhall@example.net,Monaco,2024-01-08
CUST00099,Tasha,Willis,jacobsandoval@example.com,Russian Federation,2025-08-04
CUST00100,Michelle,Hoffman,mclaughlinnicole@example.com,Singapore,2025-02-22
CUST00101,Alexander,Rivera,tprice@example.org,Costa Rica,2025-06-29
CUST00102,Jennifer,Martinez,joshuapadilla@example.org,Burundi,2024-09-21
CUST00103,Erin,Gomez,lloydamanda@example.com,Grenada,2025-04-15
CUST00104,Amanda,Ortega,james14@example.net,Dominican Republic,2025-07-18
CUST00105,Joseph,Christensen,orose@example.com,Mauritius,2023-02-19
CUST00106,Danielle,Parrish,lcarr@example.org,Brazil,2025-02-06
CUST00107,Daniel,Griffith,michael79@example.org,Pakistan,2023-09-25
CUST00108,Ryan,Schmitt,samantha91@example.net,Lesotho,2024-06-05
CUST00109,Shawn,Burke,lawrenceallen@example.org,Saint Pierre and Miquelon,2024-11-05
CUST00110,Stephanie,Bell,nathanielthomas@example.com,Wallis and Futuna,2023-07-05
CUST00111,Nancy,Lane,kcarlson@example.com,Sao Tome and Principe,2023-11-26
CUST00112,Jose,Lewis,olopez@example.net,Mozambique,2023-07-09
CUST00113,Vincent,Douglas,angelaburns@example.org,Tunisia,2025-10-17
CUST00114,Guy,Walker,leonardhayes@example.org,Reunion,2024-02-27
CUST00115,Rita,Rodriguez,stephanie72@example.org,Cote d'Ivoire,2024-09-24
CUST00116,Monica,Bruce,gmaynard@example.net,Sao Tome and Principe,2024-08-16
CUST00117,Kenneth,Richardson,fortiz@example.com,Samoa,2024-03-27
CUST00118,Danielle,Farmer,fburns@example.net,Senegal,2023-02-26
CUST00119,Chelsea,Andrews,flynnjeffrey@example.org,Czech Republic,2025-07-29
CUST00120,Eric,Aguirre,jeffrey42@example.com,Gibraltar,2023-09-30
CUST00121,Kathryn,Bruce,hdunn@example.net,Guinea,2024-08-19
CUST00122,Amber,Villegas,adamsamy@example.com,Ukraine,2024-01-06
CUST00123,Kimberly,Cardenas,wolfscott@example.org,Ethiopia,2024-02-06
CUST00124,Alyssa,Austin,pgarcia@example.org,Macao,2025-08-17
CUST00125,Aaron,Day,nancy07@example.com,Pitcairn Islands,2023-07-25
CUST00126,Mario,Johnson,michelle17@example.org,Jamaica,2023-12-21
CUST00127,Andrew,Hickman,jasonrojas@example.net,Falkland Islands (Malvinas),2025-10-19
CUST00128,Sarah,Gallegos,michelle96@example.org,Austria,2025-06-08
CUST00129,Natasha,Adams,kristenli@example.org,Bahrain,2023-11-19
CUST00130,Marie,White,amanda98@example.org,Holy See (Vatican City State),2024-08-09
CUST00131,Kyle,Park,tiffany44@example.net,Guatemala,2023-11-23
CUST00132,Brian,Parker,stephanie81@example.org,Korea,2023-05-13
CUST00133,Natalie,Morgan,rsellers@example.net,Libyan Arab Jamahiriya,2023-07-08
CUST00134,Stacey,Smith,jacquelineanderson@example.org,Macao,2023-09-12
CUST00135,Christopher,Kane,maria67@example.org,Malta,2022-12-31
CUST00136,Todd,Knight,courtney67@example.org,Switzerland,2023-12-04
CUST00137,Chad,Morales,powellkara@example.net,British Virgin Islands,2024-03-14
CUST00138,Kathleen,Thomas,shawn75@example.net,Latvia,2024-11-08
CUST00139,Katie,Schultz,meltonmelanie@example.org,Russian Federation,2024-12-11
CUST00140,David,Johnson,sreid@example.com,Martinique,2025-04-05
CUST00141,Thomas,Reese,flynnraymond@example.com,Philippines,2024-09-25
CUST00142,Andrea,Lewis,troymorris@example.com,Sweden,2024-09-03
CUST00143,Joseph,Barnes,amy29@example.com,Martinique,2025-08-18
CUST00144,Monique,Peterson,patricia00@example.org,United Arab Emirates,2023-01-14
CUST00145,Rodney,Wood,ksmith@example.com,French Guiana,2023-09-27
CUST00146,Jason,Griffith,bsmith@example.org,Korea,2023-07-23
CUST00147,Amber,Frank,nicoleturner@example.com,Niger,2024-01-15
CUST00148,Jessica,Bradley,penajohn@example.com,Heard Island and McDonald Islands,2023-06-17
CUST00149,James,Miller,brettgarrett@example.net,South Georgia and the South Sandwich Islands,2023-01-02
CUST00150,Larry,Williams,rubendavis@example.org,Peru,2023-12-24
CUST00151,Wanda,Moore,lewischristian@example.net,Yemen,2024-01-23
CUST00152,Debra,Williamson,aprilwallace@example.org,Puerto Rico,2025-09-06
CUST00153,Samuel,Craig,lisa62@example.com,Sudan,2025-03-22
CUST00154,Zachary,Nelson,perezchristopher@example.org,Wallis and Futuna,2023-08-18
CUST00155,David,Stanley,edwardsnicole@example.org,Turks and Caicos Islands,2025-08-14
CUST00156,Jeffrey,Tucker,wayala@example.org,Bahrain,2023-01-22
CUST00157,Matthew,Ramos,caseyelliott@example.net,Comoros,2024-12-11
CUST00158,Brianna,Nelson,scottbowen@example.net,Uganda,2022-12-18
CUST00159,Jerry,Fischer,samanthajensen@example.com,Turks and Caicos Islands,2023-02-11
CUST00160,Jeffrey,Wilson,christophergarcia@example.org,Kuwait,2023-03-28
CUST00161,Chad,Jordan,bbell@example.com,Benin,2024-03-19
CUST00162,Crystal,Campbell,johnnewman@example.org,Belgium,2025-06-09
CUST00163,Jeremy,Gregory,kimberly04@example.org,India,2024-02-23
CUST00164,Rebecca,Tucker,juliephillips@example.org,Ukraine,2023-02-24
CUST00165,Michele,Estrada,troyrodriguez@example.com,Christmas Island,2024-08-11
CUST00166,Chad,Williams,ricetiffany@example.com,France,2024-06-04
CUST00167,John,Foster,david96@example.com,Zimbabwe,2025-09-26
CUST00168,Elizabeth,Greene,kathrynbest@example.org,Belarus,2025-09-04
CUST00169,Jason,Smith,matthewsalexander@example.org,Botswana,2023-04-07
CUST00170,David,Turner,livingstonstacy@example.com,Chad,2024-07-26
CUST00171,Selena,Clark,courtney86@example.com,Falkland Islands (Malvinas),2023-06-24
CUST00172,Ashley,Taylor,imiller@example.net,Bouvet Island (Bouvetoya),2023-11-19
CUST00173,Thomas,Scott,joshuacollins@example.net,Qatar,2023-05-10
CUST00174,Kristen,Murphy,terrimoore@example.com,Cameroon,2025-04-22
CUST00175,Lindsey,Smith,wwillis@example.net,Luxembourg,2025-01-03
CUST00176,James,Burgess,collinssamuel@example.org,Canada,2023-05-24
CUST00177,Collin,Thompson,sanchezsandy@example.org,Tunisia,2025-02-05
CUST00178,Ryan,James,dsalazar@example.com,Costa Rica,2025-09-14
CUST00179,Rodney,Padilla,davidzimmerman@example.net,Mali,2025-05-07
CUST00180,Stuart,Mason,martinstephanie@example.net,Zambia,2025-02-10
CUST00181,Jessica,Whitaker,gary24@example.net,Niue,2023-12-14
CUST00182,Emily,Drake,wiseanthony@example.com,Angola,2024-12-28
CUST00183,Tracey,Jones,alexandria49@example.net,French Polynesia,2023-04-07
CUST00184,Corey,Hensley,crawfordwilliam@example.org,Israel,2023-11-22
CUST00185,Richard,Williams,kvillarreal@example.com,Pitcairn Islands,2025-06-06
CUST00186,Matthew,Smith,jonathangarcia@example.net,Mauritius,2023-05-26
CUST00187,Michelle,Morse,perezwilliam@example.org,Venezuela,2024-03-18
CUST00188,John,Atkins,sanchezthomas@example.com,Bulgaria,2024-04-12
CUST00189,James,Johnston,haroldhorne@example.org,Lebanon,2025-05-13
CUST00190,Shane,Berry,pwalker@example.com,Guatemala,2024-07-15
CUST00191,Robert,Mckinney,joseph19@example.com,Italy,2023-11-19
CUST00192,Joshua,Butler,shawrachel@example.org,Kenya,2024-09-04
CUST00193,John,Wilson,lindajarvis@example.com,Saint Pierre and Miquelon,2023-10-22
CUST00194,Sandra,Smith,wileymichelle@example.com,Oman,2023-06-30
CUST00195,Scott,Nguyen,christopher70@example.com,Angola,2023-05-02
CUST00196,Michelle,Solis,kellymueller@example.net,French Guiana,2023-08-17
CUST00197,Andrea,Montgomery,stevenvargas@example.com,Comoros,2023-10-16
CUST00198,Brent,Collier,jessicapayne@example.org,Bahrain,2024-01-18
CUST00199,Yvette,Gillespie,adamortiz@example.org,Angola,2024-09-30
CUST00200,Mary,Davis,cynthia05@example.org,Tunisia,2024-08-13
CUST00201,Tanya,Richard,usweeney@example.com,Spain,2023-12-18
CUST00202,Sara,Sanchez,harristonya@example.com,Djibouti,2025-05-21
CUST00203,Melinda,Chapman,jwoodward@example.net,Syrian Arab Republic,2023-02-12
CUST00204,Gabriel,Warren,christopher38@example.com,Yemen,2024-12-18
CUST00205,Todd,Foster,stephen19@example.org,Mali,2025-02-23
CUST00206,Jason,Collins,danafoster@example.net,Oman,2024-06-22
CUST00207,Richard,Morgan,grahamtamara@example.org,Grenada,2025-11-08
CUST00208,Brian,Cook,jose56@example.net,Isle of Man,2023-05-12
CUST00209,Nicholas,Jackson,louis43@example.org,Mozambique,2024-03-23
CUST00210,Tricia,Dixon,derekcarrillo@example.org,Guam,2025-03-14
CUST00211,Joseph,Wilson,danielcole@example.com,Palau,2024-09-06
CUST00212,Kristen,Hicks,wmartinez@example.org,Oman,2024-11-24
CUST00213,Spencer,Bullock,qparker@example.org,Solomon Islands,2025-10-13
CUST00214,Rodney,Bailey,mooregina@example.net,Greece,2023-12-05
CUST00215,Susan,Luna,lewismelissa@example.org,Libyan Arab Jamahiriya,2024-01-23
CUST00216,Wendy,Fuentes,dawsontanya@example.com,Nauru,2023-07-01
CUST00217,Angela,Briggs,byrdjorge@example.org,Papua New Guinea,2024-06-03
CUST00218,Jennifer,Young,cranemelissa@example.net,Qatar,2024-11-25
CUST00219,Eric,Thomas,codygarcia@example.org,Marshall Islands,2024-06-11
CUST00220,Kenneth,Gonzalez,smithmaria@example.org,Tajikistan,2024-03-10
CUST00221,Tanya,Morrison,jamesmorales@example.net,Mexico,2022-12-20
CUST00222,Beth,Wolf,aguilarjonathan@example.org,Kenya,2025-08-16
CUST00223,Amy,Rios,osbornjames@example.net,Kuwait,2025-06-16
CUST00224,Julie,Thompson,flamb@example.com,Gabon,2023-01-11
CUST00225,Brian,Mejia,williamssteven@example.org,Montenegro,2025-09-11
CUST00226,Breanna,Snyder,zunderwood@example.com,Bulgaria,2023-02-10
CUST00227,Wesley,Webster,reyesronald@example.com,Ukraine,2025-10-25
CUST00228,Melissa,Wolf,rebekahhill@example.com,Somalia,2025-09-26
CUST00229,Eric,Cole,austinharvey@example.org,Gambia,2023-11-25
CUST00230,Susan,Glass,victor87@example.org,Chile,2023-12-15
CUST00231,Christopher,Cunningham,ramirezderrick@example.org,Somalia,2025-03-25
CUST00232,Jacob,Reid,crystalpham@example.org,Eritrea,2024-07-07
CUST00233,Brooke,Weber,wcasey@example.com,Denmark,2024-03-12
CUST00234,Emma,Lin,kcooper@example.net,Liberia,2025-08-06
CUST00235,Joe,Burton,paul20@example.com,Holy See (Vatican City State),2025-11-10
CUST00236,David,Hernandez,anthonycochran@example.com,France,2024-06-03
CUST00237,Pamela,Jones,stokesthomas@example.com,Sierra Leone,2025-10-17
CUST00238,John,Ramos,terrigarcia@example.net,Tanzania,2023-05-26
CUST00239,Brooke,Turner,josephvelasquez@example.net,Australia,2025-02-25
CUST00240,Christine,Hill,gallagherstacie@example.net,Cameroon,2023-11-20
CUST00241,Robert,Brown,lkelly@example.org,Guinea,2024-10-05
CUST00242,Brandy,Romero,brittanydrake@example.net,Finland,2024-07-13
CUST00243,Alexandra,Collins,robin05@example.net,Korea,2022-11-30
CUST00244,Sarah,Hayes,annalopez@example.com,Zimbabwe,2024-07-20
CUST00245,James,Brown,gregory01@example.org,Chad,2023-12-19
CUST00246,Jennifer,Decker,carolynsmith@example.com,Niger,2024-02-28
CUST00247,John,Jones,riverachristina@example.org,Uzbekistan,2023-04-07
CUST00248,Randy,Lin,jennifer50@example.org,Central African Republic,2023-11-18
CUST00249,Emily,Wyatt,brendastark@example.org,Rwanda,2024-02-23
CUST00250,Kevin,Gilbert,susan56@example.net,Mauritania,2023-10-10
CUST00251,Leslie,Hunter,rogersmarcus@example.org,France,2023-07-24
CUST00252,Karen,Ford,fconner@example.net,Cocos (Keeling) Islands,2024-09-29
CUST00253,Charles,Spencer,grant89@example.com,China,2025-07-25
CUST00254,Stephen,Conner,elizabetholsen@example.com,Taiwan,2024-03-24
CUST00255,Yolanda,Huang,jessica42@example.org,Russian Federation,2025-08-15
CUST00256,Wendy,Cole,rushstacy@example.com,Puerto Rico,2024-08-10
CUST00257,Charles,Pacheco,whitelucas@example.net,United Kingdom,2023-01-09
CUST00258,Jason,Pearson,daniellegarcia@example.com,Papua New Guinea,2024-01-17
CUST00259,Joseph,Morris,markmiller@example.com,South Africa,2023-03-22
CUST00260,Sarah,Alvarez,gary15@example.com,Cape Verde,2024-12-20
CUST00261,Nicole,Hernandez,bakerjohn@example.org,Central African Republic,2024-11-18
CUST00262,Natasha,Brown,jonathan10@example.org,Dominica,2024-08-20
CUST00263,Mike,Garcia,akim@example.org,Brazil,2024-04-17
CUST00264,Eric,Nolan,ysnyder@example.com,Armenia,2024-09-04
CUST00265,Martha,Cooper,egarcia@example.net,Ghana,2023-04-22
CUST00266,Jade,Klein,franciscojones@example.org,Morocco,2023-07-25
CUST00267,Cheryl,Wagner,andrew41@example.org,Brunei Darussalam,2025-11-07
CUST00268,Vanessa,Thompson,george62@example.net,Kazakhstan,2023-12-28
CUST00269,Destiny,Wright,paynerachael@example.org,Eritrea,2025-01-12
CUST00270,Alan,Kim,brooke97@example.net,Heard Island and McDonald Islands,2023-03-01
CUST00271,Lisa,Gonzales,reynoldsdesiree@example.net,Colombia,2024-05-17
CUST00272,Kevin,Mills,gmoore@example.com,Costa Rica,2024-09-01
CUST00273,Elizabeth,Moore,terriortiz@example.net,Monaco,2025-06-10
CUST00274,Sheila,Watson,donna43@example.org,Russian Federation,2025-03-17
CUST00275,Dennis,Campbell,longandrea@example.com,Antigua and Barbuda,2024-04-08
CUST00276,Darrell,Ortiz,briansmith@example.org,Papua New Guinea,2024-10-22
CUST00277,Daniel,Morgan,madison97@example.org,Ghana,2025-11-01
CUST00278,Angela,Harper,johnsongeorge@example.com,Guatemala,2022-12-30
CUST00279,Joseph,Mccormick,wellsdarrell@example.com,Cameroon,2023-02-06
CUST00280,Cassandra,Holland,qburns@example.com,Holy See (Vatican City State),2025-08-10
CUST00281,Jennifer,Jones,maypaul@example.com,Kiribati,2025-08-10
CUST00282,James,Davis,cwood@example.org,Mauritius,2023-08-30
CUST00283,Cynthia,Gregory,scott43@example.com,Central African Republic,2025-07-23
CUST00284,Joseph,Mitchell,hernandezheather@example.org,Martinique,2024-10-06
CUST00285,Tracy,Cummings,barnettlindsey@example.com,Gabon,2025-08-09
CUST00286,Rebecca,Douglas,angelarandall@example.net,British Virgin Islands,2023-06-17
CUST00287,Meghan,Escobar,rsheppard@example.com,Uruguay,2022-11-22
CUST00288,Christopher,Marks,thomasmiller@example.net,Anguilla,2024-08-01
CUST00289,Rodney,Cook,shawrachel@example.net,Iraq,2023-09-24
CUST00290,Joshua,Aguilar,davidtodd@example.org,Venezuela,2025-07-21
CUST00291,Adam,Thomas,teresastokes@example.org,Luxembourg,2024-03-06
CUST00292,Kellie,Bailey,hendersonvanessa@example.com,Seychelles,2024-03-19
CUST00293,Dana,Ponce,wendyburton@example.net,Cameroon,2025-04-30
CUST00294,Jose,Hale,luis11@example.com,Yemen,2023-03-25
CUST00295,Joyce,Myers,rarnold@example.net,Kuwait,2023-05-09
CUST00296,Andrea,Larson,astark@example.net,Vanuatu,2023-07-21
CUST00297,Ronald,Hurley,jrodriguez@example.org,Ghana,2023-12-10
CUST00298,Alec,Collins,buckleyanna@example.org,Cape Verde,2025-01-28
CUST00299,Charles,Bennett,mikayla56@example.com,Albania,2025-08-22
CUST00300,Nicole,Conner,kpena@example.net,Saint Vincent and the Grenadines,2023-06-08
CUST00301,Rebecca,Li,rjohnson@example.com,Mayotte,2025-05-28
CUST00302,Amy,Santiago,christinebecker@example.com,Madagascar,2025-10-18
CUST00303,Mary,Calderon,fosternatasha@example.net,Greenland,2024-08-16
CUST00304,Brandi,Rodgers,brandonalvarez@example.com,Oman,2024-03-28
CUST00305,Earl,Jennings,andrew44@example.com,Romania,2024-10-19
CUST00306,David,Fox,rgarrison@example.org,French Polynesia,2024-11-30
CUST00307,Kyle,Lucas,dennismccann@example.com,Lebanon,2023-06-13
CUST00308,Rachel,Henderson,joseph69@example.net,Ukraine,2023-12-27
CUST00309,Laura,Cox,lopezjason@example.com,French Guiana,2023-08-14
CUST00310,Michelle,Cox,xmalone@example.org,Western Sahara,2025-10-20
CUST00311,Rachel,White,cameronmckinney@example.com,Saudi Arabia,2025-05-27
CUST00312,Jason,Lewis,kimberlywarren@example.net,Montserrat,2024-04-09
CUST00313,John,Meza,thompsonnancy@example.org,Papua New Guinea,2024-01-29
CUST00314,Curtis,Tucker,wrightstephen@example.com,Cameroon,2023-09-22
CUST00315,Kimberly,Perez,joshuacolon@example.net,South Georgia and the South Sandwich Islands,2023-03-29
CUST00316,Nicole,Taylor,hreid@example.net,Mongolia,2024-08-22
CUST00317,Richard,Jones,allentracy@example.com,Saint Lucia,2024-06-11
CUST00318,Christine,Richard,susanwells@example.net,United States of America,2023-08-27
CUST00319,Eric,Garcia,max41@example.com,Uzbekistan,2024-07-21
CUST00320,Sarah,Wise,hughesfrank@example.net,Kenya,2024-06-26
CUST00321,Michelle,Conley,mercedesholland@example.net,Guadeloupe,2025-04-22
CUST00322,Theresa,Stephenson,josephortiz@example.org,Portugal,2023-11-01
CUST00323,Lisa,Johnson,wellsdavid@example.org,Bouvet Island (Bouvetoya),2022-12-20
CUST00324,Nicole,Rogers,walkercharlene@example.com,Saint Martin,2022-12-23
CUST00325,Angel,Miranda,rodney65@example.com,Lesotho,2025-04-03
CUST00326,Jill,Anderson,jeffery48@example.net,United Arab Emirates,2025-08-19
CUST00327,Martin,Bennett,asilva@example.net,Armenia,2025-06-25
CUST00328,Sarah,Martin,anna99@example.com,Burundi,2025-07-18
CUST00329,Leah,Guerra,gabrielle71@example.com,Philippines,2023-11-08
CUST00330,Michelle,Wise,danielle44@example.net,Micronesia,2023-04-05
CUST00331,Lisa,Lamb,jacob83@example.org,Brazil,2024-11-05
CUST00332,Joseph,Martin,rguerrero@example.org,Gambia,2023-09-21
CUST00333,Kristin,Kim,rioswhitney@example.com,Anguilla,2023-12-29
CUST00334,Daniel,Jenkins,vsullivan@example.org,Iran,2025-11-11
CUST00335,Monica,Rhodes,matthewreeves@example.net,Niger,2023-08-07
CUST00336,Michele,Young,qknox@example.com,Tajikistan,2023-02-03
CUST00337,Jeffrey,Wallace,megan82@example.com,Cyprus,2024-08-01
CUST00338,Lisa,Mitchell,ruizjoyce@example.net,Kiribati,2025-07-05
CUST00339,Steven,Goodman,staceylam@example.net,Guinea-Bissau,2024-09-14
CUST00340,Kevin,Cole,walkerjeffrey@example.com,Bermuda,2025-06-07
CUST00341,Laura,Ferguson,vfrench@example.com,Greece,2023-12-27
CUST00342,Jeremy,Collins,brenda71@example.com,Azerbaijan,2023-07-07
CUST00343,Andrew,Stokes,delacruzbrandy@example.net,New Caledonia,2023-04-05
CUST00344,James,Harrison,kennedyjames@example.org,Norway,2024-06-11
CUST00345,Mark,Conley,amoreno@example.org,Congo,2023-08-09
CUST00346,Michelle,Richardson,derrickgonzalez@example.com,Myanmar,2025-04-17
CUST00347,Tammy,Valentine,tthomas@example.org,Malta,2023-05-19
CUST00348,Joshua,Joyce,freemancrystal@example.org,Cyprus,2022-12-09
CUST00349,Darlene,Murray,cynthia07@example.com,Slovenia,2025-02-11
CUST00350,Ricardo,Campbell,kathleenjackson@example.org,Vietnam,2024-09-23
CUST00351,Tina,Reyes,xglover@example.org,Seychelles,2024-10-22
CUST00352,Amanda,Rose,christinaschultz@example.com,Fiji,2025-09-29
CUST00353,Sheila,Burch,ysanford@example.org,Congo,2024-12-24
CUST00354,Darrell,Montoya,fergusonjessica@example.org,Angola,2023-05-21
CUST00355,Tara,Solis,katherine83@example.org,Belize,2023-11-01
CUST00356,Gregory,Taylor,simsjohn@example.net,Mauritania,2023-09-29
CUST00357,Sydney,Wright,larry16@example.net,Thailand,2023-09-10
CUST00358,Joseph,Davidson,gary04@example.com,Kiribati,2024-01-05
CUST00359,Daniel,Sawyer,mluna@example.net,Philippines,2024-02-08
CUST00360,Ryan,Spencer,ryan25@example.com,Paraguay,2024-12-24
CUST00361,Jessica,Garcia,karen26@example.org,Benin,2024-07-03
CUST00362,Lee,Singleton,jeffreymercer@example.org,Malaysia,2023-06-08
CUST00363,Catherine,Rosales,lawrencegary@example.com,India,2024-09-18
CUST00364,William,Mitchell,brooksdanielle@example.net,Congo,2023-10-04
CUST00365,Paul,Hines,wheelerbrandon@example.org,Liechtenstein,2025-06-07
CUST00366,Barbara,Nelson,williamsdarrell@example.com,Ghana,2023-10-18
CUST00367,Jonathan,Whitehead,qmartinez@example.com,Netherlands,2024-01-31
CUST00368,Jeanne,Hernandez,jamiejennings@example.org,Netherlands,2025-10-04
CUST00369,Aaron,Kim,robert18@example.com,Malawi,2023-09-08
CUST00370,Sara,Potts,robertroach@example.net,Western Sahara,2024-08-28
CUST00371,Amanda,Walker,campbellkristen@example.com,Azerbaijan,2023-08-25
CUST00372,Jennifer,Hayes,chelseastrickland@example.net,United States of America,2024-08-13
CUST00373,Judy,Bailey,michaelortiz@example.org,Papua New Guinea,2023-07-02
CUST00374,Emily,Johnson,kelleyrenee@example.net,Guyana,2023-01-01
CUST00375,Michael,Brown,arivera@example.org,Indonesia,2024-02-11
CUST00376,Chad,Shaw,meadowsmary@example.net,Cameroon,2023-12-29
CUST00377,Elizabeth,Young,fhernandez@example.net,Saint Barthelemy,2023-11-18
CUST00378,Mark,Vang,cummingscraig@example.com,Timor-Leste,2025-07-04
CUST00379,Lee,Brooks,stephenmadden@example.com,Japan,2024-10-18
CUST00380,Melanie,Johnson,lwilliams@example.org,Heard Island and McDonald Islands,2023-12-08
CUST00381,Jennifer,Galvan,michael56@example.net,Hungary,2024-06-14
CUST00382,Kevin,Combs,daviskatherine@example.org,Holy See (Vatican City State),2025-05-11
CUST00383,Kyle,Santos,christianelizabeth@example.org,American Samoa,2025-10-15
CUST00384,Ricky,Moody,michael79@example.com,Finland,2025-08-19
CUST00385,Richard,Taylor,watsonmatthew@example.org,Guatemala,2024-10-29
CUST00386,Kenneth,Mitchell,dross@example.com,Guernsey,2023-03-31
CUST00387,David,Gallegos,evaughn@example.com,Gambia,2022-12-04
CUST00388,Robert,Horton,danielhorton@example.org,Kiribati,2024-11-15
CUST00389,Shelby,Taylor,dalepruitt@example.com,Tunisia,2023-06-12
CUST00390,Erica,Thornton,ywhite@example.com,Monaco,2024-04-03
CUST00391,Raven,West,huffmannichole@example.net,Benin,2025-10-29
CUST00392,Christina,Smith,timothyfreeman@example.com,Cuba,2024-07-27
CUST00393,Kevin,Miller,qwilliams@example.net,Saint Lucia,2025-10-19
CUST00394,Amy,Scott,alexander89@example.net,Tuvalu,2023-10-13
CUST00395,Aaron,Conley,tiffanysantiago@example.com,Kenya,2024-07-05
CUST00396,Justin,Dunn,reynoldsjessica@example.com,Saint Vincent and the Grenadines,2024-09-05
CUST00397,Russell,Acosta,elizabeth62@example.net,Israel,2025-06-02
CUST00398,Bethany,Rose,smithsarah@example.net,Spain,2023-12-21
CUST00399,Diana,Rodriguez,kchristian@example.org,Kenya,2023-03-11
CUST00400,Steven,Roberts,vflores@example.com,France,2023-04-15
CUST00401,Scott,Turner,hunterandrea@example.com,Central African Republic,2025-04-01
CUST00402,Jason,Williams,fmontoya@example.com,Sri Lanka,2023-02-17
CUST00403,Thomas,Barnes,csolis@example.org,Saint Lucia,2023-02-06
CUST00404,Rachel,Bauer,hwest@example.com,Ukraine,2024-04-18
CUST00405,Laura,Bryant,garciarobert@example.net,Jamaica,2023-11-17
CUST00406,Gene,Rodriguez,petersenlatoya@example.net,Saint Lucia,2024-11-18
CUST00407,Christopher,Stein,pamela83@example.net,Ukraine,2024-05-21
CUST00408,Zachary,Carlson,xclements@example.org,Israel,2025-06-16
CUST00409,Cynthia,Smith,meganrivera@example.net,Burundi,2025-09-25
CUST00410,Matthew,Robertson,xmoran@example.net,Syrian Arab Republic,2025-06-04
CUST00411,Loretta,Allen,wwilson@example.net,Namibia,2023-01-27
CUST00412,Karen,Thomas,aaronkelly@example.net,Netherlands Antilles,2022-11-26
CUST00413,Emily,Patterson,amy51@example.org,Benin,2023-12-17
CUST00414,Jeffrey,Mendez,travisunderwood@example.net,Cambodia,2025-01-09
CUST00415,James,Allen,nrodriguez@example.org,Cote d'Ivoire,2025-07-07
CUST00416,Andrew,Butler,davidphelps@example.org,Gabon,2024-07-01
CUST00417,John,Beck,msummers@example.net,Lebanon,2024-03-01
CUST00418,Thomas,Miller,daniel60@example.net,Trinidad and Tobago,2024-07-23
CUST00419,Melissa,Villegas,bartonshannon@example.net,Malta,2025-09-25
CUST00420,Charles,Jones,tamarasmith@example.net,Grenada,2024-06-16
CUST00421,Robert,Fox,tranryan@example.net,Bahrain,2023-06-11
CUST00422,Crystal,Romero,xglass@example.org,Venezuela,2025-04-05
CUST00423,James,Mcneil,jessicaanderson@example.com,Nauru,2023-01-20
CUST00424,Heather,Spencer,william66@example.net,Saudi Arabia,2025-05-07
CUST00425,Troy,Myers,joshuastuart@example.com,Honduras,2023-08-23
CUST00426,John,Harrison,iballard@example.com,Benin,2023-12-27
CUST00427,Diana,Reid,megan85@example.net,Albania,2023-08-08
CUST00428,Adam,Zavala,jamesweber@example.com,Ireland,2025-01-08
CUST00429,Karen,King,samantha22@example.net,Northern Mariana Islands,2024-12-22
CUST00430,Kayla,Smith,jennifer58@example.com,United States Virgin Islands,2024-04-27
CUST00431,Daniel,Kramer,icraig@example.com,Faroe Islands,2024-11-14
CUST00432,Ronald,Cooper,hstokes@example.org,Israel,2023-06-10
CUST00433,Gregory,Quinn,jamesbrian@example.org,China,2023-04-06
CUST00434,Susan,Fuller,josephfloyd@example.com,Moldova,2024-03-24
CUST00435,April,Ingram,dwayne04@example.org,Kyrgyz Republic,2025-02-18
CUST00436,Brent,Moss,howardshaun@example.net,Russian Federation,2024-09-20
CUST00437,John,Cook,juliahoffman@example.org,Montenegro,2023-06-26
CUST00438,Melinda,Williams,heather06@example.com,Saudi Arabia,2023-12-27
CUST00439,Stephen,Payne,rfrye@example.com,United States Virgin Islands,2023-05-18
CUST00440,Laurie,Li,smithjohn@example.net,Burundi,2024-03-18
CUST00441,Elizabeth,Thompson,ogreer@example.net,Cook Islands,2023-01-25
CUST00442,Vanessa,Maxwell,kari89@example.org,Colombia,2023-06-04
CUST00443,Caitlin,Marshall,kellythompson@example.net,Syrian Arab Republic,2025-01-01
CUST00444,Stephanie,Dominguez,lopezglenn@example.net,Hong Kong,2024-01-28
CUST00445,Patricia,Welch,bennettroy@example.net,French Guiana,2024-05-31
CUST00446,Cheyenne,Cain,david94@example.org,Micronesia,2024-09-16
CUST00447,Jennifer,Brown,steven20@example.org,Liechtenstein,2024-01-31
CUST00448,William,Parsons,candice94@example.com,Armenia,2023-12-31
CUST00449,Maria,Ellis,charles58@example.org,Swaziland,2025-06-27
CUST00450,Amy,Carter,abigailhartman@example.org,Sweden,2024-01-01
CUST00451,Phyllis,Williams,zdaniels@example.org,Gabon,2025-01-29
CUST00452,Julia,Gonzalez,jeffrey35@example.com,Syrian Arab Republic,2024-03-18
CUST00453,Thomas,Williams,kelly98@example.com,Myanmar,2024-09-24
CUST00454,Jonathon,Mahoney,wilsonmichael@example.org,Gabon,2023-08-01
CUST00455,John,Robertson,susanfleming@example.com,Lithuania,2024-03-22
CUST00456,Dana,Hays,hmoon@example.com,Monaco,2024-12-20
CUST00457,Katie,Daniels,amber40@example.net,Saint Vincent and the Grenadines,2023-07-10
CUST00458,Adrienne,King,willie87@example.com,Kyrgyz Republic,2025-03-30
CUST00459,Courtney,Mullins,phillipsdenise@example.com,Czech Republic,2025-09-04
CUST00460,Joshua,Lee,vaughangary@example.net,Anguilla,2025-08-03
CUST00461,Chris,Kelly,simsjason@example.net,Somalia,2024-10-01
CUST00462,Justin,Norman,michellecoleman@example.org,Afghanistan,2023-02-08
CUST00463,Joseph,Glenn,amandapark@example.net,Cape Verde,2023-09-07
CUST00464,Luis,Rivera,elucas@example.net,Estonia,2023-07-06
CUST00465,Amber,Martinez,andrewlove@example.org,French Southern Territories,2023-02-10
CUST00466,Devon,Richardson,jonesgregory@example.com,Zimbabwe,2023-11-10
CUST00467,Jesse,Preston,andrewsjeremy@example.com,Northern Mariana Islands,2023-08-29
CUST00468,Heather,Paul,ohughes@example.com,Syrian Arab Republic,2023-01-12
CUST00469,Jasmine,Kline,ystewart@example.net,North Macedonia,2024-11-17
CUST00470,Caleb,Hughes,nicholsdarlene@example.net,Latvia,2023-12-27
CUST00471,Rick,Beltran,avilabrenda@example.net,British Virgin Islands,2023-07-30
CUST00472,Amy,Crawford,howardwesley@example.com,Palau,2024-11-12
CUST00473,Robert,Jimenez,catherine47@example.com,Papua New Guinea,2024-09-25
CUST00474,Jamie,Glass,bshort@example.com,Uganda,2023-05-17
CUST00475,Robert,Stone,amandataylor@example.com,France,2024-12-25
CUST00476,Rebecca,Owen,susan24@example.net,Israel,2023-01-20
CUST00477,Brandy,Acosta,susan08@example.net,Christmas Island,2024-10-03
CUST00478,Heather,Miller,davidsmith@example.net,Liechtenstein,2024-05-24
CUST00479,Melissa,Morrison,fmedina@example.com,United States of America,2025-04-07
CUST00480,Kathy,Short,kaitlinberger@example.com,Portugal,2024-12-10
CUST00481,Omar,Gardner,robertbrewer@example.net,Oman,2024-10-29
CUST00482,Adam,Morris,eugenewalker@example.com,Ecuador,2024-12-22
CUST00483,Michael,Miller,dannylambert@example.net,Antarctica (the territory South of 60 deg S),2023-05-11
CUST00484,Karen,Guerrero,yorksarah@example.net,British Indian Ocean Territory (Chagos Archipelago),2023-07-05
CUST00485,Melissa,Parker,enewman@example.com,Serbia,2023-05-29
CUST00486,Stephanie,Morrison,kingjames@example.net,Falkland Islands (Malvinas),2024-05-14
CUST00487,Robert,Simmons,wlynn@example.org,Lithuania,2023-04-12
CUST00488,Julie,Norris,craigharvey@example.org,Bangladesh,2023-09-30
CUST00489,Amy,Bell,todd59@example.net,Netherlands Antilles,2024-02-02
CUST00490,Carrie,Williams,heather29@example.net,Samoa,2023-08-25
CUST00491,Jeffrey,Berg,lindsey62@example.org,Guyana,2023-08-06
CUST00492,Jeffrey,Gomez,john36@example.com,Mozambique,2025-01-16
CUST00493,Ryan,Bolton,dennis57@example.com,Liberia,2024-01-15
CUST00494,Anthony,Hill,thoward@example.com,Mongolia,2025-04-10
CUST00495,Matthew,Whitney,thompsoncatherine@example.com,Jordan,2025-09-13
CUST00496,Erin,Gould,patriciagonzalez@example.net,Trinidad and Tobago,2025-05-15
CUST00497,Richard,Jones,lunapatricia@example.net,Eritrea,2023-10-13
CUST00498,Frederick,Walsh,hessbeth@example.net,Niue,2025-05-12
CUST00499,Tanner,Cox,rebeccaarnold@example.net,Poland,2022-11-24
CUST00500,David,Owen,jvaldez@example.com,Lebanon,2025-02-12
CUST00501,Cindy,Shelton,xwalker@example.net,Puerto Rico,2025-04-22
CUST00502,Anthony,Cisneros,dennis88@example.org,Svalbard & Jan Mayen Islands,2023-08-25
CUST00503,Phillip,Thomas,acox@example.net,British Indian Ocean Territory (Chagos Archipelago),2024-08-25
CUST00504,Anne,Lawson,melaniedrake@example.net,Holy See (Vatican City State),2023-03-17
CUST00505,Anthony,Harrington,katherinetaylor@example.org,Malaysia,2023-12-05
CUST00506,Dawn,Johnson,ashleyknight@example.org,Saint Martin,2024-12-30
CUST00507,Derek,Jones,ccrosby@example.org,Morocco,2025-10-04
CUST00508,Steven,Osborne,qhall@example.com,Andorra,2023-04-13
CUST00509,Brent,Diaz,bradclark@example.com,Tanzania,2024-04-11
CUST00510,Nicholas,Reyes,dharrison@example.org,Eritrea,2022-12-28
CUST00511,Jason,Bradley,hoopermario@example.net,Central African Republic,2024-02-02
CUST00512,Mark,Jacobs,mary49@example.net,Mozambique,2025-10-11
CUST00513,Kathleen,Shelton,nicholasgray@example.net,Azerbaijan,2025-10-10
CUST00514,Nicholas,Rush,blacknicholas@example.org,Cameroon,2023-05-26
CUST00515,Karen,Watson,wgomez@example.com,Ghana,2024-07-22
CUST00516,Marie,Hines,aeaton@example.net,Kyrgyz Republic,2024-06-20
CUST00517,Johnny,Berry,scotthall@example.net,Turkey,2025-05-23
CUST00518,Christopher,Moreno,jason22@example.com,Puerto Rico,2023-05-01
CUST00519,Andrew,Sanders,guerrerorobert@example.com,Burkina Faso,2024-04-03
CUST00520,Amber,Banks,olsontimothy@example.org,Guinea-Bissau,2023-07-14
CUST00521,Zoe,Wright,deborahjenkins@example.org,Central African Republic,2023-01-01
CUST00522,Michael,Wilson,andersonbrittany@example.org,Austria,2023-03-23
CUST00523,Debra,Fitzgerald,macdonalddylan@example.org,Faroe Islands,2024-11-01
CUST00524,Kimberly,Porter,sandra86@example.net,Guyana,2025-09-07
CUST00525,Denise,Hughes,johnsjessica@example.com,Italy,2024-12-02
CUST00526,Karen,Hoffman,robinsoncatherine@example.com,North Macedonia,2024-10-23
CUST00527,Stefanie,Green,ajackson@example.net,United States Minor Outlying Islands,2025-07-21
CUST00528,James,Green,laurahoover@example.org,Zimbabwe,2024-01-10
CUST00529,Andrew,Griffin,gary57@example.net,Guinea-Bissau,2025-05-29
CUST00530,Elijah,Davies,hallpaul@example.org,Australia,2025-09-05
CUST00531,David,Mitchell,harrismichele@example.net,French Guiana,2022-11-27
CUST00532,Elizabeth,Hendricks,mserrano@example.org,French Guiana,2024-04-12
CUST00533,Anne,Henry,thomasmendez@example.org,Marshall Islands,2023-01-25
CUST00534,Jeffery,Martinez,davisdonna@example.net,Northern Mariana Islands,2025-09-02
CUST00535,Holly,Farrell,princekimberly@example.net,Vietnam,2025-07-11
CUST00536,Katie,Hayes,xboyd@example.org,Belarus,2024-10-21
CUST00537,Gary,Roach,zperez@example.com,Malaysia,2024-04-05
CUST00538,Catherine,Wallace,zbell@example.net,Congo,2025-04-20
CUST00539,Julie,Miller,colemanjonathan@example.org,Seychelles,2023-06-06
CUST00540,Danny,Fleming,campbellnancy@example.com,Niue,2023-10-12
CUST00541,Lori,Bruce,jacob09@example.net,Cocos (Keeling) Islands,2023-02-01
CUST00542,Tami,Flores,meyernicholas@example.org,Serbia,2025-08-13
CUST00543,Daniel,Reed,robert12@example.com,Bhutan,2024-01-31
CUST00544,Anthony,Brown,jose86@example.net,Netherlands Antilles,2024-04-03
CUST00545,Larry,Daniels,cheryl63@example.com,Sao Tome and Principe,2023-02-12
CUST00546,Erica,Vance,jwhite@example.net,Chad,2023-03-07
CUST00547,Susan,York,tking@example.net,Mayotte,2025-03-16
CUST00548,Randy,Joseph,kim62@example.net,Gibraltar,2025-06-10
CUST00549,Jennifer,Ho,adkinssean@example.net,Tunisia,2024-07-02
CUST00550,Charles,Little,craigromero@example.com,Germany,2023-04-10
CUST00551,Hannah,Leon,martintamara@example.org,Sweden,2024-07-29
CUST00552,Courtney,Hicks,morrowthomas@example.net,Tanzania,2023-12-19
CUST00553,Curtis,Martinez,qdavis@example.org,Poland,2023-08-21
CUST00554,Kendra,Harris,christopher06@example.com,South Georgia and the South Sandwich Islands,2023-11-25
CUST00555,Melissa,Taylor,jennifer90@example.org,Gabon,2024-07-29
CUST00556,Caroline,Tyler,mgonzales@example.net,Faroe Islands,2023-04-05
CUST00557,David,Johnson,james98@example.net,Poland,2022-12-19
CUST00558,Tonya,Spencer,christinacraig@example.com,Qatar,2023-10-07
CUST00559,Kimberly,Wood,dianacantrell@example.org,Portugal,2023-07-29
CUST00560,Michael,Lara,kimberly56@example.com,Guyana,2024-07-13
CUST00561,Ross,Arnold,aprilmclaughlin@example.org,Bhutan,2024-08-04
CUST00562,Mitchell,Salazar,dunnjessica@example.net,Martinique,2024-02-03
CUST00563,William,Miller,michael43@example.net,Mozambique,2025-08-19
CUST00564,Matthew,Parker,shawnpowell@example.org,Guinea,2025-08-30
CUST00565,Melissa,Key,gregory81@example.net,Swaziland,2023-07-15
CUST00566,Lynn,Higgins,gordonmatthew@example.org,Cambodia,2023-05-24
CUST00567,Daniel,Fox,nancy94@example.net,American Samoa,2024-02-24
CUST00568,Susan,Hammond,kchurch@example.com,Burundi,2024-12-19
CUST00569,Cynthia,Morrow,katherineali@example.com,Maldives,2024-09-19
CUST00570,Maria,Jones,bmosley@example.com,Finland,2024-03-13
CUST00571,Jasmine,Compton,scottpatrick@example.org,Holy See (Vatican City State),2025-10-17
CUST00572,Ryan,Day,laurengutierrez@example.com,Slovakia (Slovak Republic),2025-06-12
CUST00573,Jessica,Cole,haynesjose@example.com,Libyan Arab Jamahiriya,2023-06-09
CUST00574,Tammy,Frazier,rosskaitlyn@example.com,Isle of Man,2024-05-28
CUST00575,Joseph,Cooper,spencergregory@example.com,Guam,2025-09-16
CUST00576,Lindsey,Humphrey,jeffery94@example.org,Uruguay,2023-04-16
CUST00577,Amanda,Deleon,victorgonzalez@example.net,United States Minor Outlying Islands,2024-06-10
CUST00578,Timothy,Bowman,moniqueclark@example.org,Central African Republic,2025-01-22
CUST00579,Ryan,White,marykelly@example.org,Bosnia and Herzegovina,2023-09-24
CUST00580,Jessica,Burch,moraemma@example.net,Cuba,2024-12-17
CUST00581,Joseph,Reynolds,waustin@example.net,Cape Verde,2024-10-09
CUST00582,Melissa,Bartlett,charlesnathan@example.com,Macao,2024-07-12
CUST00583,Mariah,Brown,kvillanueva@example.com,Cyprus,2024-11-27
CUST00584,Christopher,Martinez,wwhite@example.net,Switzerland,2024-01-09
CUST00585,Nicole,Hernandez,raymond92@example.org,Comoros,2025-04-10
CUST00586,John,Martin,imendoza@example.org,South Africa,2025-06-07
CUST00587,Steven,Morris,phillip27@example.org,Ukraine,2024-09-05
CUST00588,Cheryl,Fletcher,astewart@example.org,Monaco,2023-04-07
CUST00589,Nicholas,Reed,nicolasgarcia@example.com,Nicaragua,2024-09-04
CUST00590,Anthony,Everett,jacob43@example.com,Portugal,2024-06-12
CUST00591,Melissa,Jacobson,vmullen@example.com,Switzerland,2025-06-28
CUST00592,Hunter,Singleton,victorclark@example.net,Zambia,2023-09-03
CUST00593,Jason,King,michael64@example.com,Malta,2024-09-22
CUST00594,Lauren,Reid,ashleykrause@example.net,Tanzania,2025-07-24
CUST00595,Matthew,Pierce,lisale@example.org,Martinique,2024-09-09
CUST00596,Nicole,Martinez,mchase@example.org,Rwanda,2023-04-11
CUST00597,Jacqueline,Turner,thomassmith@example.com,Micronesia,2023-01-19
CUST00598,Joshua,Ferguson,otaylor@example.net,Reunion,2025-01-23
CUST00599,Alejandro,Shaw,kristen44@example.net,Saudi Arabia,2024-05-01
CUST00600,Stacy,Jackson,rosshannah@example.org,Spain,2024-11-07
CUST00601,Christopher,David,lisawoods@example.net,Brazil,2025-10-03
CUST00602,Jennifer,Moore,colematthew@example.com,Israel,2023-11-01
CUST00603,Tracy,Hopkins,ann45@example.org,Kuwait,2025-08-20
CUST00604,Katherine,Le,rmartinez@example.net,United States Virgin Islands,2025-10-19
CUST00605,Hannah,Jacobs,barbarasantos@example.net,Belarus,2023-07-16
CUST00606,Debbie,Kirby,tiffanymitchell@example.com,Brazil,2024-12-26
CUST00607,Travis,Elliott,champton@example.org,Svalbard & Jan Mayen Islands,2025-02-14
CUST00608,Laura,Bryan,daustin@example.net,Bulgaria,2025-07-22
CUST00609,Christopher,Johnson,mirandadavidson@example.com,Uzbekistan,2025-08-19
CUST00610,Jeffrey,Williams,kwelch@example.com,Andorra,2025-02-10
CUST00611,Heather,May,millermatthew@example.com,Lesotho,2023-03-28
CUST00612,Kevin,Ray,denise49@example.net,Guernsey,2024-02-12
CUST00613,Bonnie,Curtis,cnelson@example.com,Georgia,2024-11-14
CUST00614,Thomas,Wang,lgutierrez@example.org,Portugal,2024-09-27
CUST00615,Alyssa,Butler,jessicastanley@example.net,Guyana,2023-03-21
CUST00616,Ronald,Fowler,clarkrandy@example.org,Burundi,2024-11-28
CUST00617,Julie,Jimenez,zunigathomas@example.org,Svalbard & Jan Mayen Islands,2024-02-27
CUST00618,Mark,Burton,wisealexandria@example.org,Kenya,2023-07-06
CUST00619,Jacqueline,Roberts,bakereric@example.net,Tuvalu,2023-06-04
CUST00620,Joseph,Frye,pparker@example.net,Nepal,2025-10-16
CUST00621,John,Webb,scott22@example.net,Mali,2024-02-27
CUST00622,David,Ballard,anthonyalvarado@example.com,Serbia,2023-12-09
CUST00623,James,Cohen,imcdonald@example.com,Guam,2025-02-07
CUST00624,David,Evans,staylor@example.net,China,2024-09-12
CUST00625,Amanda,Jones,brittanybryant@example.net,Russian Federation,2024-02-20
CUST00626,Kathleen,Brown,omills@example.net,Gabon,2025-04-19
CUST00627,Jacob,Gonzales,regina78@example.org,Antarctica (the territory South of 60 deg S),2023-01-31
CUST00628,Javier,Washington,ramosmichael@example.com,Samoa,2025-03-22
CUST00629,Todd,Harris,kevinsmith@example.org,Suriname,2023-03-16
CUST00630,Jenny,Lawson,justin80@example.net,British Indian Ocean Territory (Chagos Archipelago),2023-01-27
CUST00631,Tiffany,Edwards,earroyo@example.com,Cyprus,2025-01-23
CUST00632,Alicia,Higgins,cannonlauren@example.net,Brunei Darussalam,2023-05-04
CUST00633,Justin,Gross,laurakelley@example.org,Togo,2025-01-19
CUST00634,Craig,Valencia,bkhan@example.com,Puerto Rico,2024-09-08
CUST00635,James,Hester,frankmclaughlin@example.com,Cambodia,2024-08-20
CUST00636,Jeremy,Anderson,fwalker@example.com,Portugal,2023-04-13
CUST00637,Harry,Wood,zacharymarsh@example.net,Denmark,2024-11-08
CUST00638,Alexis,Hoffman,justin84@example.com,Gambia,2025-09-09
CUST00639,Amanda,Flores,melissawhite@example.com,Brunei Darussalam,2025-04-19
CUST00640,Joshua,Owens,walshchristine@example.com,Cote d'Ivoire,2023-12-16
CUST00641,Terri,Adams,blopez@example.org,Bulgaria,2024-05-23
CUST00642,Angela,Wright,bookerandrew@example.org,Belgium,2023-12-18
CUST00643,Heidi,Davis,joseph70@example.org,Jamaica,2025-05-15
CUST00644,David,Roberts,hernandeztristan@example.com,Portugal,2023-03-25
CUST00645,Miranda,Cruz,zcollins@example.com,Serbia,2025-01-08
CUST00646,Travis,Gilbert,steven05@example.org,Slovenia,2022-12-13
CUST00647,Monique,Wright,brianrowe@example.org,Bouvet Island (Bouvetoya),2023-05-13
CUST00648,Audrey,Grimes,qwhite@example.com,Belarus,2025-09-10
CUST00649,Taylor,Moore,martinezkayla@example.org,Andorra,2024-11-06
CUST00650,Scott,Murphy,cwise@example.org,Singapore,2023-08-23
CUST00651,Jack,Lane,gonzalezjill@example.org,Liberia,2023-08-28
CUST00652,Brett,Edwards,thomasmaldonado@example.com,Saudi Arabia,2024-07-20
CUST00653,Shelley,Hines,eric08@example.net,Jersey,2023-01-27
CUST00654,Tim,Jimenez,kingdanielle@example.org,Armenia,2023-03-27
CUST00655,Lynn,Robertson,paige31@example.org,Congo,2024-08-25
CUST00656,Richard,Jimenez,knguyen@example.com,Botswana,2025-11-16
CUST00657,Charles,Parker,fosterjohn@example.org,Antigua and Barbuda,2024-02-23
CUST00658,Crystal,Johnson,jbarker@example.com,South Africa,2024-03-19
CUST00659,Brian,Landry,wrightvincent@example.net,Palestinian Territory,2025-05-18
CUST00660,Edward,Wagner,sarah00@example.com,Malaysia,2024-10-24
CUST00661,Anna,Levy,jacquelinemoody@example.org,Nauru,2025-09-24
CUST00662,Kevin,Lewis,jhall@example.net,Bahamas,2024-10-16
CUST00663,Victoria,Gomez,linda73@example.org,Latvia,2025-07-14
CUST00664,David,Williams,ihoward@example.com,British Indian Ocean Territory (Chagos Archipelago),2024-01-03
CUST00665,Kathy,Simpson,washingtonsamuel@example.com,United States of America,2024-05-01
CUST00666,Catherine,Khan,llopez@example.net,El Salvador,2023-09-04
CUST00667,Krystal,Pena,mario74@example.net,Aruba,2023-10-11
CUST00668,Jeremiah,Ruiz,caseymoore@example.com,Bahrain,2023-09-01
CUST00669,Alexandra,Herrera,amber70@example.net,Gabon,2023-03-19
CUST00670,Shannon,Boone,bgross@example.net,Papua New Guinea,2025-06-13
CUST00671,Scott,Jordan,kimberly35@example.net,Algeria,2023-12-25
CUST00672,Michelle,Khan,barrettamber@example.com,Saudi Arabia,2025-09-29
CUST00673,Veronica,Luna,alexandriajimenez@example.net,Bhutan,2023-05-02
CUST00674,Kevin,Gallagher,chloemorris@example.net,Slovenia,2024-09-21
CUST00675,Christine,Diaz,daniel81@example.org,British Virgin Islands,2025-02-25
CUST00676,Chelsea,Morales,gregoryjohnson@example.org,Uruguay,2022-12-15
CUST00677,Jody,Hudson,clee@example.net,Netherlands,2022-11-27
CUST00678,Stacey,Lee,hbarrett@example.net,Costa Rica,2024-07-23
CUST00679,Jared,Tran,brandon39@example.net,Namibia,2023-05-18
CUST00680,Jason,Jones,smithsamantha@example.net,United Arab Emirates,2022-12-08
CUST00681,Donna,Gordon,fhebert@example.com,Cook Islands,2023-08-11
CUST00682,Eric,Duran,wardjulia@example.com,Colombia,2025-09-01
CUST00683,Glenn,Ramirez,laura09@example.com,Paraguay,2024-11-28
CUST00684,Charles,Hays,navarromary@example.org,Guernsey,2024-11-01
CUST00685,Aaron,Becker,susandavis@example.net,Antarctica (the territory South of 60 deg S),2025-10-27
CUST00686,Shannon,Wilson,amandalopez@example.net,Bermuda,2024-08-08
CUST00687,Brittney,Hester,ashleymeza@example.net,Cameroon,2025-09-04
CUST00688,Kelly,Long,xreese@example.net,Tanzania,2025-06-09
CUST00689,Jesse,Norton,emily61@example.org,San Marino,2024-12-13
CUST00690,Jasmine,Morgan,andreawagner@example.net,Western Sahara,2024-03-02
CUST00691,Jacqueline,Mcmillan,amandagreene@example.com,Fiji,2025-07-05
CUST00692,Shawn,Fischer,andrea55@example.com,Yemen,2025-07-03
CUST00693,Grace,Gonzalez,umckenzie@example.net,Mozambique,2024-05-31
CUST00694,Sandra,Hicks,annalewis@example.net,Guernsey,2025-10-25
CUST00695,Kristin,Porter,michael77@example.com,Guinea,2025-09-29
CUST00696,Colleen,Williams,barbertonya@example.net,Central African Republic,2025-10-25
CUST00697,Donna,Taylor,holmesvictoria@example.com,Timor-Leste,2025-10-01
CUST00698,Sarah,Cook,evansjeffrey@example.com,Macao,2024-07-23
CUST00699,Ronald,Wells,ingramsherry@example.com,Slovakia (Slovak Republic),2024-03-02
CUST00700,Amy,Bryant,clintonstevens@example.org,Saint Lucia,2023-04-03
CUST00701,Deborah,Obrien,josephpreston@example.org,New Zealand,2023-05-31
CUST00702,Rebekah,Robertson,jonathanevans@example.net,Dominican Republic,2023-06-15
CUST00703,Margaret,Murphy,ncarroll@example.net,Madagascar,2022-12-09
CUST00704,Charles,Austin,cummingslaura@example.org,Montenegro,2023-09-10
CUST00705,Gabriel,Martin,spetersen@example.net,Bangladesh,2023-05-10
CUST00706,Kyle,Ewing,larsonkevin@example.net,Bolivia,2022-12-12
CUST00707,Kaitlyn,Stevenson,dmiller@example.com,Svalbard & Jan Mayen Islands,2025-11-03
CUST00708,Ashley,Evans,nichole66@example.org,Mozambique,2023-09-06
CUST00709,Keith,Rogers,julieatkinson@example.org,Serbia,2022-12-29
CUST00710,David,Clayton,hbrown@example.org,American Samoa,2023-10-09
CUST00711,Haley,Patel,amber25@example.net,Marshall Islands,2024-12-04
CUST00712,Holly,Erickson,ericnunez@example.com,Cuba,2025-08-21
CUST00713,Sherri,Evans,kmullins@example.net,Saint Barthelemy,2023-07-01
CUST00714,Vincent,Cabrera,walkerkeith@example.com,Congo,2025-08-23
CUST00715,Troy,Richardson,davidmiller@example.net,Finland,2023-11-28
CUST00716,Christopher,Nunez,kelleyjose@example.com,Chile,2024-09-24
CUST00717,Bill,Whitney,iayala@example.org,United Arab Emirates,2025-07-17
CUST00718,Ryan,Silva,fhansen@example.com,Saudi Arabia,2025-03-03
CUST00719,Marcus,Robles,annshea@example.net,Mauritania,2023-09-10
CUST00720,John,Swanson,johnadams@example.com,Albania,2023-03-31
CUST00721,Christopher,Watts,gail91@example.org,Saint Kitts and Nevis,2024-02-28
CUST00722,Suzanne,Johnson,whenderson@example.org,Bolivia,2024-11-06
CUST00723,Mary,Wells,melvin04@example.org,Uzbekistan,2023-07-06
CUST00724,Barbara,Coffey,christina79@example.org,Croatia,2024-11-23
CUST00725,Stephanie,Patton,owilliams@example.org,Uruguay,2024-09-03
CUST00726,Yvonne,Parsons,eric11@example.net,Madagascar,2022-12-21
CUST00727,Emily,Lane,sanchezchristine@example.org,Thailand,2023-05-17
CUST00728,Joseph,Griffith,alexander14@example.com,Russian Federation,2023-08-03
CUST00729,Billy,Silva,njohnson@example.net,Lebanon,2023-07-12
CUST00730,Katelyn,Jackson,jamesmills@example.com,Haiti,2025-11-13
CUST00731,Thomas,Fuller,jdean@example.net,Qatar,2024-10-09
CUST00732,Denise,Harvey,bennettrebecca@example.net,Namibia,2024-12-10
CUST00733,Sabrina,Randall,scottbrian@example.org,Colombia,2024-11-19
CUST00734,Howard,Hernandez,brian01@example.com,Kazakhstan,2022-12-18
CUST00735,Brenda,Becker,elizabeth51@example.org,Peru,2024-10-16
CUST00736,Cynthia,Johnson,michelle63@example.com,Botswana,2025-05-15
CUST00737,Travis,Vaughan,mckeetodd@example.net,Cocos (Keeling) Islands,2023-11-29
CUST00738,Christopher,Rodriguez,lopezvincent@example.com,Syrian Arab Republic,2023-09-26
CUST00739,Michael,Smith,williamssandra@example.com,Guinea,2024-02-19
CUST00740,Mathew,Edwards,tracy20@example.com,Hong Kong,2025-04-20
CUST00741,Elizabeth,Hernandez,michael43@example.net,Jamaica,2024-07-18
CUST00742,Mia,Vaughn,lisa46@example.org,Croatia,2023-02-05
CUST00743,Mark,Jenkins,jeremiah56@example.net,Malaysia,2024-04-19
CUST00744,Heather,Hampton,christopherreyes@example.net,Denmark,2022-11-30
CUST00745,Keith,Knapp,robertberry@example.com,Ireland,2023-04-26
CUST00746,Sierra,Salas,renee57@example.net,Bouvet Island (Bouvetoya),2025-07-24
CUST00747,Lisa,Fitzgerald,jamietaylor@example.net,Senegal,2024-09-18
CUST00748,Andrea,Brown,michelleparker@example.net,Germany,2024-08-24
CUST00749,Shawn,Taylor,russellstout@example.org,British Virgin Islands,2024-12-27
CUST00750,Leonard,Clark,lonniegrant@example.net,Lao People's Democratic Republic,2025-05-04
CUST00751,Marcus,Nguyen,whitemary@example.org,Bouvet Island (Bouvetoya),2025-05-31
CUST00752,Tara,Bates,cannonnicole@example.com,Mali,2025-03-28
CUST00753,Richard,Fox,vturner@example.net,Burkina Faso,2024-02-12
CUST00754,Xavier,Edwards,edwin31@example.org,Lithuania,2023-01-14
CUST00755,Vanessa,Thompson,anthonyodom@example.net,Serbia,2024-12-14
CUST00756,Diane,Barr,catherine93@example.net,Guyana,2024-07-30
CUST00757,Amy,Peterson,jerryjohnson@example.org,Romania,2024-12-12
CUST00758,Robert,Gomez,manderson@example.com,France,2025-01-23
CUST00759,Jacob,Ingram,jack67@example.com,Moldova,2025-05-24
CUST00760,Michael,Le,frankperez@example.com,Saint Helena,2025-06-24
CUST00761,Katherine,Schneider,schaeferstephanie@example.org,Armenia,2025-10-07
CUST00762,Colleen,Steele,katherinejones@example.com,Belize,2024-12-14
CUST00763,Kathleen,Bishop,dwatts@example.org,Greece,2023-11-13
CUST00764,James,Lee,csullivan@example.net,Lithuania,2023-02-20
CUST00765,Andrea,Wright,zcortez@example.net,Brazil,2025-02-15
CUST00766,Sara,Grant,meyershannon@example.org,Hungary,2022-12-17
CUST00767,Samuel,Walker,aprilfoster@example.net,Finland,2024-09-03
CUST00768,Helen,Dudley,grantzachary@example.net,Korea,2025-05-01
CUST00769,David,Evans,leescott@example.com,Netherlands Antilles,2024-03-22
CUST00770,Teresa,Roberts,steven64@example.net,Saint Pierre and Miquelon,2025-03-26
CUST00771,Chelsea,Clark,vaughnrebecca@example.com,Georgia,2023-02-24
CUST00772,John,Bush,gdavis@example.org,Poland,2024-01-08
CUST00773,Eric,Stewart,kimberlypace@example.net,Tajikistan,2025-08-21
CUST00774,Andrea,Bailey,phillipmorris@example.org,Kenya,2024-08-27
CUST00775,Andrea,Peck,shawnmosley@example.org,Czech Republic,2024-11-22
CUST00776,Christopher,Pope,udavis@example.net,Micronesia,2023-05-18
CUST00777,Victoria,Hill,jennifermartinez@example.org,Ireland,2024-12-25
CUST00778,Robin,Martinez,fwalters@example.net,French Guiana,2025-07-12
CUST00779,Steven,Rhodes,gacosta@example.net,Timor-Leste,2025-08-17
CUST00780,David,James,nicholasjames@example.org,Japan,2024-05-09
CUST00781,Marilyn,Baird,ariana22@example.org,Comoros,2024-10-14
CUST00782,Tyrone,Cardenas,kaylawilliams@example.com,Togo,2025-11-05
CUST00783,Jennifer,Blevins,jessica74@example.net,Bangladesh,2024-09-25
CUST00784,William,Ballard,davidanderson@example.org,Ukraine,2022-12-20
CUST00785,Joshua,Roberts,deanjohnny@example.com,Tajikistan,2023-07-26
CUST00786,Mary,Roberts,ifoley@example.org,Spain,2024-02-08
CUST00787,Tina,Klein,lyoung@example.net,Lebanon,2023-09-12
CUST00788,John,Reed,cchavez@example.org,Wallis and Futuna,2024-11-15
CUST00789,Andrea,Ramos,sanchezamy@example.net,Philippines,2024-05-05
CUST00790,Patrick,Scott,brandonhernandez@example.net,Heard Island and McDonald Islands,2024-09-28
CUST00791,Sandra,Mendoza,benjamin09@example.net,Christmas Island,2023-11-13
CUST00792,William,Harris,mark10@example.org,American Samoa,2025-01-14
CUST00793,Natasha,Ryan,kchaney@example.net,Peru,2023-10-25
CUST00794,Michelle,Fitzpatrick,cheryl99@example.net,Liechtenstein,2025-05-18
CUST00795,Joshua,Horton,tammycurry@example.com,Peru,2025-10-17
CUST00796,Kristy,Taylor,daviskevin@example.com,Bosnia and Herzegovina,2024-04-27
CUST00797,Robert,Gilbert,wwilkins@example.com,Indonesia,2025-06-10
CUST00798,Sarah,Matthews,carterdennis@example.net,Kazakhstan,2025-09-03
CUST00799,William,Sanchez,mark68@example.org,Mali,2024-11-14
CUST00800,Lori,Santiago,cherylrodriguez@example.net,Palestinian Territory,2023-06-09
CUST00801,Justin,Schmidt,webbhaley@example.net,Philippines,2024-02-16
CUST00802,Kenneth,Little,ronald54@example.net,Belize,2024-07-16
CUST00803,Brenda,Williams,sara99@example.com,British Indian Ocean Territory (Chagos Archipelago),2024-08-26
CUST00804,Yolanda,Gutierrez,lvasquez@example.net,Cambodia,2025-09-28
CUST00805,Tracy,Love,jeanettekrause@example.org,Indonesia,2025-08-27
CUST00806,Edgar,Garcia,johnsoncolleen@example.org,Iran,2024-05-30
CUST00807,Amanda,Townsend,laurenduarte@example.com,Puerto Rico,2024-11-20
CUST00808,Michael,Smith,cookann@example.net,Nauru,2023-07-27
CUST00809,Andrea,Pierce,alexharris@example.com,Bosnia and Herzegovina,2025-07-10
CUST00810,Amy,Hickman,kristy44@example.net,Saint Vincent and the Grenadines,2023-10-05
CUST00811,Stanley,Russell,katie15@example.com,Uzbekistan,2024-01-30
CUST00812,Marc,Donovan,nramsey@example.org,Uganda,2025-10-25
CUST00813,Jacob,Johns,jamesbass@example.net,Chile,2023-03-31
CUST00814,Heidi,Woods,zhendricks@example.org,Bahrain,2025-09-19
CUST00815,Ashley,Gonzalez,timothyburton@example.net,Haiti,2024-12-07
CUST00816,Jesus,Maynard,steven60@example.net,Congo,2023-06-06
CUST00817,Kimberly,Morris,annette58@example.net,Guadeloupe,2023-08-14
CUST00818,Bradley,Brewer,clarkgina@example.com,Cook Islands,2023-09-23
CUST00819,Julie,Velez,montesjuan@example.org,Nepal,2023-07-18
CUST00820,Janet,Davis,tonya82@example.net,Tanzania,2025-06-15
CUST00821,Lisa,Andrews,hlopez@example.com,Iraq,2024-12-21
CUST00822,Paul,Nichols,jennifer46@example.org,British Virgin Islands,2023-04-23
CUST00823,Elizabeth,Sharp,xwiley@example.com,Djibouti,2024-08-25
CUST00824,Lori,Zuniga,javier42@example.org,Taiwan,2024-12-23
CUST00825,Tina,Gentry,kristen31@example.com,Jamaica,2024-03-03
CUST00826,Tyler,Thompson,lloydrebecca@example.org,Saint Kitts and Nevis,2023-11-17
CUST00827,Benjamin,Khan,matthewwebb@example.net,Luxembourg,2023-10-09
CUST00828,Wayne,Thompson,kimberly21@example.net,Fiji,2025-04-01
CUST00829,Brittany,Gillespie,jamiejohnson@example.com,Serbia,2023-01-30
CUST00830,Molly,Osborn,smithsarah@example.net,Rwanda,2022-12-16
CUST00831,Morgan,Sanders,cookpamela@example.org,Seychelles,2024-05-28
CUST00832,Scott,Simpson,andrew43@example.com,Mozambique,2023-12-28
CUST00833,Alicia,Zuniga,jameshill@example.com,Nauru,2024-05-25
CUST00834,Stephen,Hayden,rlambert@example.org,Faroe Islands,2025-10-04
CUST00835,Jennifer,Howe,joshuasmith@example.net,Saudi Arabia,2023-07-22
CUST00836,Robert,Mcdowell,clarkmichael@example.com,Somalia,2023-08-16
CUST00837,Diana,Smith,donald49@example.org,Spain,2025-01-08
CUST00838,Eric,Bradley,charlesaustin@example.com,Norway,2023-01-06
CUST00839,Terrance,Rodriguez,bwilliams@example.com,Western Sahara,2023-02-24
CUST00840,Tanya,Bird,rodriguezbrian@example.com,Iran,2024-04-25
CUST00841,Matthew,Mitchell,mwhite@example.net,Guinea-Bissau,2024-09-16
CUST00842,Heather,Hays,tjensen@example.com,Lebanon,2023-05-14
CUST00843,Debra,Daniels,jenniferlambert@example.net,Papua New Guinea,2025-07-04
CUST00844,Melissa,Snyder,beltrankatelyn@example.com,Netherlands,2023-11-05
CUST00845,Melissa,Mays,christopherlang@example.net,Zambia,2023-05-24
CUST00846,Michele,Rosales,tdavis@example.net,Iraq,2025-04-09
CUST00847,Norman,Mcdonald,oruiz@example.org,Libyan Arab Jamahiriya,2023-11-01
CUST00848,Levi,Lee,roberta62@example.net,Malawi,2024-12-12
CUST00849,Jennifer,Rodriguez,kristina57@example.com,Fiji,2023-12-23
CUST00850,Katherine,Martin,jonesdaniel@example.com,Cameroon,2024-04-29
CUST00851,Monique,Stevens,ssingleton@example.com,Seychelles,2024-05-22
CUST00852,Barry,Scott,williamsullivan@example.net,Korea,2023-01-29
CUST00853,Casey,Lopez,nguyendebra@example.com,Botswana,2025-04-01
CUST00854,Crystal,Doyle,amorales@example.org,British Virgin Islands,2024-01-07
CUST00855,Samantha,Gibbs,amydickson@example.com,El Salvador,2023-07-10
CUST00856,Wendy,Bradley,petersonlisa@example.net,Liechtenstein,2025-10-25
CUST00857,Julie,Todd,bmueller@example.net,Luxembourg,2025-01-26
CUST00858,Ryan,Thompson,amy32@example.net,Djibouti,2025-06-13
CUST00859,Corey,Chase,stevensonjennifer@example.com,Niue,2025-09-23
CUST00860,Cynthia,Prince,vargassteven@example.net,Western Sahara,2023-04-28
CUST00861,Monique,Wilcox,shortgregory@example.com,Burkina Faso,2023-02-04
CUST00862,Scott,Robertson,georgegina@example.net,Antarctica (the territory South of 60 deg S),2024-09-28
CUST00863,Heather,Miller,pmurphy@example.net,Bolivia,2024-10-28
CUST00864,Rebecca,Caldwell,davislisa@example.net,Saint Pierre and Miquelon,2023-05-09
CUST00865,Brandon,Lopez,shermandonna@example.com,Austria,2023-05-01
CUST00866,Laura,Taylor,peter97@example.org,Switzerland,2025-06-23
CUST00867,Kelly,Morris,erinstewart@example.net,Bangladesh,2025-06-22
CUST00868,Nicholas,Wright,samantha65@example.org,Luxembourg,2023-04-25
CUST00869,Dustin,Green,carrwilliam@example.org,Philippines,2025-04-09
CUST00870,Amanda,Young,bryan80@example.org,Anguilla,2023-01-22
CUST00871,Ashlee,Molina,daniel40@example.org,Christmas Island,2025-01-14
CUST00872,Laura,Finley,zpark@example.net,Hong Kong,2023-04-30
CUST00873,George,Turner,jennifer66@example.com,Netherlands,2023-08-04
CUST00874,Christian,Sharp,elainewells@example.org,Philippines,2025-07-23
CUST00875,Monica,Smith,xbridges@example.com,Greece,2023-05-20
CUST00876,Christine,Valdez,keithsalas@example.org,Cape Verde,2023-10-03
CUST00877,John,Schwartz,alexanderwong@example.org,Gabon,2024-06-01
CUST00878,Roberta,Brown,ibarrett@example.org,Nigeria,2023-07-19
CUST00879,Douglas,Wilson,dawnperry@example.com,Nigeria,2024-02-14
CUST00880,Steven,Parker,dhanson@example.net,Bhutan,2024-10-03
CUST00881,Jonathan,Sullivan,carnold@example.com,Senegal,2025-01-11
CUST00882,Jonathan,Shaw,jeremiah69@example.org,Belarus,2024-12-31
CUST00883,Albert,Jacobson,pbradford@example.net,Panama,2023-04-21
CUST00884,Linda,Padilla,robert89@example.com,Sao Tome and Principe,2023-07-15
CUST00885,Rachel,Collins,goodashley@example.net,Mali,2025-08-19
CUST00886,Erica,Wilson,daniel71@example.org,Seychelles,2024-06-05
CUST00887,Eric,Hendricks,steven18@example.net,Lithuania,2024-04-20
CUST00888,Scott,Phillips,sanchezcrystal@example.net,Somalia,2023-06-20
CUST00889,Michael,Mendez,suttonamber@example.net,Lao People's Democratic Republic,2023-05-28
CUST00890,Briana,Robinson,chloe58@example.org,Cook Islands,2023-09-27
CUST00891,Danielle,Anderson,egibson@example.net,French Polynesia,2024-09-30
CUST00892,Roger,Hernandez,robert44@example.org,Panama,2024-08-24
CUST00893,John,Adkins,nealcarla@example.com,Luxembourg,2022-11-28
CUST00894,Megan,Obrien,bryan79@example.org,Liechtenstein,2023-12-04
CUST00895,James,Perry,douglaskelly@example.net,Madagascar,2024-11-22
CUST00896,Paul,Dunn,mitchellchristopher@example.net,Eritrea,2024-05-01
CUST00897,Timothy,Ruiz,yorkjoshua@example.org,Mauritius,2024-02-06
CUST00898,John,Medina,joshua40@example.net,Guam,2025-01-10
CUST00899,Ashley,Beck,munozrenee@example.net,Sudan,2023-08-11
CUST00900,Bailey,Robinson,donnawood@example.org,Tokelau,2023-03-30
CUST00901,Victoria,Wright,kimberly37@example.org,Mauritius,2024-01-05
CUST00902,Kenneth,Fischer,cooperchristopher@example.org,Mayotte,2024-06-18
CUST00903,Tiffany,Marks,marymullins@example.com,Andorra,2024-08-23
CUST00904,Dominique,Miller,cyoung@example.net,Zambia,2024-05-31
CUST00905,Joshua,Griffin,jasonnavarro@example.com,Serbia,2025-07-22
CUST00906,Ashlee,Padilla,maykarla@example.org,Antigua and Barbuda,2025-09-16
CUST00907,Gina,Miller,jacksonraymond@example.com,Jersey,2023-12-04
CUST00908,Julie,Elliott,wreese@example.net,Turkmenistan,2023-07-11
CUST00909,Brandon,Brown,noahthornton@example.com,United States Virgin Islands,2025-02-17
CUST00910,Catherine,Kelley,dustin60@example.com,British Indian Ocean Territory (Chagos Archipelago),2024-09-03
CUST00911,Tyler,Wagner,ureyes@example.net,Hungary,2023-11-07
CUST00912,Rebecca,Armstrong,davisamanda@example.com,Korea,2023-06-20
CUST00913,Justin,Hernandez,pbishop@example.com,Germany,2024-09-14
CUST00914,Lauren,Murphy,joseph14@example.net,Timor-Leste,2024-08-21
CUST00915,Catherine,Meyer,rmurray@example.net,Honduras,2024-08-14
CUST00916,Michael,Wilson,jessicachapman@example.org,Kenya,2024-10-30
CUST00917,Dana,Harris,erica25@example.net,Kuwait,2025-01-27
CUST00918,Christine,Aguilar,chambersmarie@example.org,Argentina,2025-10-12
CUST00919,Erica,Davis,gdavis@example.net,Antigua and Barbuda,2024-06-01
CUST00920,Jennifer,Dixon,ubell@example.com,Christmas Island,2023-01-03
CUST00921,Donna,Stokes,james09@example.org,Moldova,2024-10-05
CUST00922,Mary,Chavez,maysdiane@example.org,Palestinian Territory,2023-07-02
CUST00923,Courtney,Palmer,ericksondavid@example.net,Tokelau,2022-12-03
CUST00924,Rebecca,Bryant,nicholasgallagher@example.net,Slovakia (Slovak Republic),2025-01-29
CUST00925,Debbie,Brown,pauladominguez@example.com,Gabon,2023-03-06
CUST00926,Kyle,Ford,steven17@example.com,Turks and Caicos Islands,2023-03-29
CUST00927,Scott,Roman,qschwartz@example.com,Romania,2024-04-26
CUST00928,Bethany,Cummings,fernando14@example.org,Chad,2024-03-21
CUST00929,Jessica,Foster,dprice@example.com,Liechtenstein,2024-08-02
CUST00930,Christopher,Velasquez,gregory17@example.org,Jersey,2023-07-31
CUST00931,Kenneth,Reese,fwhite@example.org,Burkina Faso,2024-09-22
CUST00932,Julie,Lane,amberreynolds@example.net,Georgia,2023-02-21
CUST00933,Gregory,Williams,gainesjennifer@example.org,Saint Barthelemy,2024-07-20
CUST00934,David,Cooper,jonesashley@example.com,Iceland,2023-01-14
CUST00935,Amber,Brown,fsmith@example.org,Libyan Arab Jamahiriya,2025-09-08
CUST00936,Teresa,Mcknight,fitzpatrickelizabeth@example.com,Serbia,2025-08-10
CUST00937,Alyssa,Michael,isabelconway@example.net,Bouvet Island (Bouvetoya),2023-07-10
CUST00938,Robin,Jones,robertsonshelby@example.com,Montenegro,2025-04-28
CUST00939,Maria,Peck,ugraham@example.org,Peru,2023-02-15
CUST00940,Jonathan,Johnson,aaronfinley@example.com,Liechtenstein,2025-07-26
CUST00941,Makayla,Ortiz,bradleysavannah@example.com,Palestinian Territory,2025-09-08
CUST00942,Timothy,Mack,evelyn60@example.net,Micronesia,2025-02-02
CUST00943,Lindsay,Cannon,diazmelissa@example.com,Poland,2024-02-20
CUST00944,Julie,Good,randallkathleen@example.com,Mauritius,2024-08-30
CUST00945,Matthew,Brewer,gregorywilliams@example.com,Montserrat,2024-08-03
CUST00946,Darius,Fisher,kentprice@example.org,Latvia,2025-10-10
CUST00947,Sydney,Haney,tom73@example.org,Lebanon,2025-11-10
CUST00948,Donald,Reyes,leejennifer@example.net,Monaco,2025-03-27
CUST00949,Tammy,Kane,tracybrown@example.net,Timor-Leste,2024-03-04
CUST00950,Michelle,Knox,victor70@example.org,Cayman Islands,2024-03-19
CUST00951,Jennifer,Bennett,brian06@example.org,Madagascar,2024-05-05
CUST00952,Tina,Vega,lindsaycontreras@example.com,Azerbaijan,2022-11-30
CUST00953,Tammy,Stanley,joycehall@example.org,India,2024-01-26
CUST00954,Linda,Ryan,mosstracy@example.org,Estonia,2025-02-14
CUST00955,Michael,Valdez,nmeadows@example.org,Lithuania,2025-06-23
CUST00956,Krystal,Bailey,jacquelineanderson@example.org,Nauru,2023-07-04
CUST00957,Alexander,White,conwaylori@example.org,Honduras,2025-11-09
CUST00958,Amanda,Medina,lcarr@example.org,Nicaragua,2024-08-06
CUST00959,Shawn,Rice,wilsonbrooke@example.net,Philippines,2024-10-11
CUST00960,Emily,Luna,bryanharris@example.com,Guinea,2025-08-14
CUST00961,Emily,Walker,rnguyen@example.net,Seychelles,2023-10-02
CUST00962,Brenda,Smith,marcoconnell@example.org,Finland,2025-03-12
CUST00963,Lynn,Johnson,watkinsmatthew@example.org,Gibraltar,2025-07-14
CUST00964,Shelby,Evans,donald62@example.net,Bahamas,2025-07-05
CUST00965,Daniel,Nunez,angela73@example.net,Antarctica (the territory South of 60 deg S),2025-08-26
CUST00966,Jesus,Stephens,andersonkylie@example.net,Nauru,2024-10-04
CUST00967,Angel,Patel,bstrickland@example.com,Aruba,2025-11-05
CUST00968,Nicole,Morrow,smithharry@example.org,Brunei Darussalam,2024-05-07
CUST00969,Anna,Wright,robert72@example.org,Taiwan,2025-08-21
CUST00970,Rose,Reed,daniellemills@example.com,Haiti,2024-08-07
CUST00971,Jeffrey,Hill,sharonbishop@example.org,Guernsey,2023-09-20
CUST00972,Bryan,Pineda,jennifersalazar@example.org,Sudan,2024-02-29
CUST00973,Madison,Hardy,michael08@example.org,Saint Vincent and the Grenadines,2023-03-28
CUST00974,Regina,Rodriguez,davidmoreno@example.org,Myanmar,2023-01-14
CUST00975,Kevin,Pacheco,michelle88@example.org,Anguilla,2025-03-01
CUST00976,Ricky,Barnes,qtownsend@example.org,Serbia,2024-04-20
CUST00977,Donald,Miranda,brian12@example.net,Uganda,2024-07-15
CUST00978,Sophia,Stephenson,kjimenez@example.net,Niue,2023-06-01
CUST00979,Kevin,Smith,brownmichael@example.org,Guam,2025-02-03
CUST00980,Travis,Harris,nking@example.com,Hong Kong,2025-03-07
CUST00981,Colton,Garcia,garciabrian@example.net,Bhutan,2024-02-02
CUST00982,Paige,Johnson,ericjohnson@example.net,Japan,2023-10-16
CUST00983,Derek,Harper,jonesjoe@example.com,Guatemala,2023-04-11
CUST00984,Shawn,Warner,robert53@example.org,Guinea-Bissau,2025-01-20
CUST00985,Ellen,Williams,jeremy36@example.org,Isle of Man,2025-03-24
CUST00986,Julia,Yang,evance@example.com,Guernsey,2024-03-17
CUST00987,Sonya,Morales,bbrown@example.org,Azerbaijan,2025-02-04
CUST00988,Robert,Young,sarahgibson@example.com,Panama,2024-04-30
CUST00989,Julia,Robinson,derek35@example.com,Ecuador,2025-08-01
CUST00990,Eric,Shields,matthewjohnson@example.net,Egypt,2023-07-24
CUST00991,Robert,Brown,ramirezdaniel@example.com,Dominica,2022-12-24
CUST00992,Corey,Gordon,wbarnes@example.com,Oman,2022-12-31
CUST00993,Tracy,Roberts,oliviamunoz@example.net,Georgia,2025-03-05
CUST00994,Ricky,Cabrera,belindatran@example.org,Nauru,2025-05-26
CUST00995,Stephanie,Dennis,jenkinsaimee@example.org,Belize,2023-12-24
CUST00996,Antonio,Flores,rhood@example.org,United States Minor Outlying Islands,2023-11-27
CUST00997,Mitchell,Harper,pfitzgerald@example.org,Portugal,2024-03-04
CUST00998,Scott,Chambers,ryan39@example.org,Bahrain,2024-09-04
CUST00999,Stephanie,Flores,butlerbradley@example.com,Trinidad and Tobago,2025-01-10
CUST01000,Melissa,Turner,simmonsphillip@example.net,Gambia,2023-05-08
